7,47,0,0,3,2,16,2,5,31,0,27,1,8
3,18,4,4,951,1,13,4,476,68,331,46,13,2
1,1,0,0,49,0,0,0,11,4,922,8,0,2
1,0,0,0,10,0,2,0,5,1,227,2,1,2
3,22,2,1,2127,5,44,395,577,96,888,97,532,243
1,1,0,0,22,0,0,0,15,3,435,0,0,0
4,319,791,75,3142,839,477,2048,8415,271,1483,1160,1743,970
7,23,6,0,3,5,10,14,40,44,3,23,0,9
9,27,13,0,0,5,35,1,33,28,0,71,0,9
6,13,70,4,0,23,16,2,183,5,0,19,39,19
9,116,62,2,0,7,176,31,179,48,0,373,4,106
5,1,7,4,0,9,3,0,84,0,0,2,61,6
5,1,37,0,0,66,4,2,41,0,0,14,3,9
7,103,18,0,1,0,71,5,17,37,1,113,2,23
7,32,8,0,0,2,22,8,14,15,0,53,0,11
6,278,16,2,1,1,74,29,37,92,0,164,3,20
5,653,1463,1242,29,1065,1264,2445,11058,288,6,2390,1919,1370
5,6,6,2,0,14,5,4,145,8,0,5,30,4
5,3,71,21,0,81,3,0,344,0,0,5,453,10
6,5,34,6,0,70,5,6,283,2,0,12,62,18
6,6,21,3,0,42,17,0,421,1,0,11,143,15
7,32,30,1,0,6,127,10,145,10,0,79,26,47
6,2,13,1,0,29,3,3,173,0,0,1,45,16
8,86,118,0,0,17,110,50,395,31,0,311,25,104
8,14,4,0,0,4,36,3,27,10,0,37,2,8
4,0,0,0,48,0,0,0,4,0,32,0,0,0
1,8,0,0,75,0,1,0,279,6,421,4,2,1
7,14,741,6,0,394,8,13,240,1,0,13,17,47
8,269,417,31,2,124,382,181,1256,76,0,1087,76,385
5,4,9,2,0,47,3,0,293,0,0,7,59,1
8,67,3,0,1,1,48,12,6,31,0,48,0,8
7,34,12,0,0,2,17,0,13,3,0,28,0,14
7,22,93,0,1,30,18,33,391,8,0,59,9,69
9,160,21,0,2,0,91,20,21,140,1,167,0,22
4,0,47,4,0,578,1,0,55,1,0,3,18,2
6,18,663,11,0,559,34,2,218,7,1,21,16,90
9,100,9,0,1,4,73,14,38,73,0,171,2,34
4,5,42,1,0,44,2,0,36,0,0,3,1,6
2,5,1,0,0,0,3,0,1,0,0,6,0,6
7,112,15,0,0,1,60,9,24,31,0,121,1,16
3,0,31,79,0,102,0,0,19,0,0,0,178,1
3,14,161,1,0,10,15,0,33,2,0,12,1,18
7,45,12,1,0,2,26,3,24,31,0,49,1,9
5,8,21,0,0,24,5,1,22,1,0,12,1,6
7,64,7,0,0,1,44,9,14,49,0,66,1,7
8,84,15,0,1,4,47,15,48,67,0,82,2,32
8,40,43,1,1,22,51,12,143,31,0,65,5,27
8,2,5,1,0,3,14,1,62,0,0,16,22,5
7,76,3,0,2,4,46,6,18,119,1,76,0,10
6,79,28,1,5,15,31,8,32,74,0,70,4,15
6,7,50,16,0,28,10,1,229,4,0,12,32,21
7,17,38,1,0,9,27,8,63,6,0,26,1,17
8,28,4,0,2,2,12,3,8,22,0,19,0,1
6,1,97,5,0,194,0,1,86,0,0,2,36,4
7,41,20,1,0,5,25,8,76,6,0,60,4,28
3,16,0,0,79,0,2,1,143,23,74,10,0,6
1,2,14,0,0,0,1,1,236,4,89,0,1,0
3,4,0,0,5534,1,3,1,77,53,3773,22,0,4
3,392,373,3198,50,390,363,2296,2005,223,64,1924,195,501
3,27,0,0,3225,0,4,0,51,236,1627,22,4,53
1,2,0,0,347,0,1,1,69,36,3841,18,6,6
7,32,28,3,0,11,60,11,101,12,0,46,7,19
7,3,7,0,0,0,14,1,29,2,0,4,3,11
6,137,900,39,2,757,191,1519,3617,65,1,811,188,812
10,10,0,0,0,0,9,5,11,14,0,30,1,3
9,69,30,0,0,10,124,9,110,45,0,110,8,26
10,86,32,1,1,8,111,15,70,81,0,235,3,20
2,1,30,119,0,93,0,0,6,0,0,0,30,1
7,40,34,1,0,12,27,16,69,15,0,51,0,18
5,1720,5378,13351,33,3286,4090,14572,33865,780,19,11509,15190,5144
7,106,32,1,0,5,84,19,50,39,0,124,0,15
7,67,17,0,1,5,65,12,48,34,0,74,2,25
5,1454,4134,528,38,3421,2762,9839,27103,592,24,6304,6712,3751
4,0,36,1,1,187,1,0,22,0,0,1,2,5
7,355,276,14,14,132,426,159,1360,225,0,994,167,265
9,136,24,0,1,2,87,10,41,126,0,239,2,33
7,10,35,2,0,12,29,3,189,0,0,12,58,10
8,80,25,3,3,4,41,11,72,45,0,76,3,31
7,63,46,2,2,24,49,28,139,22,0,37,12,19
9,60,32,0,0,10,98,8,38,46,0,158,6,15
9,108,31,0,7,8,158,30,89,87,0,172,4,30
7,4,14,0,0,30,19,3,180,0,0,4,29,13
6,0,2,1,0,8,0,0,140,0,0,1,88,1
6,2,85,0,0,129,2,3,43,1,0,3,2,27
5,2,132,5,0,501,2,2,162,0,0,2,85,3
6,3,9,1,0,0,6,68,36,9,0,19,0,10
8,48,11,0,2,1,15,7,17,40,0,74,0,4
2,5,6,0,0,0,7,0,9,2,0,7,1,3
7,170,13,1,0,2,76,25,48,61,0,140,1,25
7,6,41,2,0,25,28,8,370,2,0,32,52,57
7,338,435,41,9,164,564,273,2261,163,3,1139,669,348
7,5,49,3,0,62,17,1,248,2,0,17,37,19
6,15,36,0,1,9,59,8,423,2,0,38,58,37
3,26,0,1,3466,0,21,4,92,269,2077,43,9,7
9,112,16,0,0,0,57,13,43,52,0,164,2,24
8,39,21,0,1,11,55,20,52,25,0,65,3,26
7,18,28,2,0,16,22,5,149,14,0,12,21,11
5,1,66,16,0,156,2,1,103,0,0,4,41,3
7,15,10,0,0,4,41,1,78,0,0,30,6,13
2,70,0,0,2,1,33,18,11,148,0,70,3,8
4,3,48,15,0,323,4,2,338,0,0,11,135,13
7,69,9,1,2,0,51,3,6,124,0,65,0,6
8,26,143,0,1,46,51,59,425,15,0,84,11,98
2,14,1,0,1374,0,3,0,68,158,873,18,14,5
3,29,5,3,325,4,8,3,303,99,893,36,2,15
3,2,82,20,0,302,0,2,45,1,0,3,15,6
7,14,29,2,0,14,41,17,162,4,0,60,18,30
8,348,156,3,3,70,416,104,490,186,0,938,22,179
9,30,10,2,0,3,33,8,16,20,0,72,2,21
8,61,24,2,0,6,43,16,42,36,0,103,3,10
5,1836,2849,500,102,2244,2982,9081,21360,1000,23,8211,5169,3179
7,20,18,0,2,3,45,1,45,15,0,49,3,22
10,90,21,1,0,6,106,17,47,66,0,187,1,23
7,8,158,6,0,201,17,3,279,1,0,28,72,20
6,23,5,0,0,2,20,1,12,15,0,8,0,1
7,59,28,1,2,6,32,29,127,20,0,102,12,37
5,2963,6526,716,349,4972,4405,8847,38604,1400,196,8821,7110,5173
8,97,24,0,1,5,154,25,54,59,0,201,7,32
7,531,947,103,17,342,1129,429,4329,236,2,2412,873,928
3,276,9,1,0,6,77,12,21,146,0,108,0,11
5,16,119,1,0,28,29,0,33,2,0,23,0,19
9,92,29,2,0,5,83,21,66,54,0,154,1,38
1,21,78,12752,2,2124,13,3,342,3,2,23,5734,29
7,24,30,1,0,32,39,1,182,6,0,28,28,22
8,51,17,8,3,5,60,11,83,30,0,92,5,35
9,71,20,2,2,5,46,7,108,49,0,117,7,23
5,6,24,0,0,35,4,4,269,0,0,4,125,7
5,0,52,15,0,160,5,0,251,1,0,3,134,14
2,101,7,0,2,7,73,11,21,104,0,57,4,15
7,21,36,5,1,54,30,2,288,8,0,54,49,18
7,105,347,12,1,176,164,91,1036,26,0,307,91,232
7,139,248,38,2,249,254,75,1585,61,1,535,265,207
4,5,293,26,0,1944,3,2,248,2,0,0,35,22
8,70,51,1,2,20,159,33,168,52,0,179,9,43
7,35,56,2,0,9,97,19,192,11,0,95,55,51
8,11,224,8,0,151,28,1,115,3,0,24,19,18
7,69,2,0,0,2,29,5,8,30,0,67,0,8
7,19,52,0,0,4,15,8,35,2,0,16,2,11
7,103,7,0,0,0,38,16,17,69,0,97,1,5
6,1,22,4,0,78,0,1,293,2,0,3,43,13
9,85,18,0,0,4,51,12,33,44,0,140,1,24
9,68,21,1,0,1,79,17,40,43,0,97,1,23
9,55,13,1,1,7,95,19,44,45,0,154,3,32
7,241,21,0,1,12,122,36,47,63,1,169,1,26
9,99,73,1,1,21,141,15,325,49,0,295,12,83
9,118,8,0,2,0,84,12,10,79,0,150,0,6
7,92,9,0,0,0,77,18,22,40,0,114,0,28
2,2,8,345,0,23,0,0,4,0,0,1,6,1
7,8,219,5,0,210,11,6,165,2,0,15,17,33
4,92,52,0,149,2,484,1165,470,520,12,276,31,113
9,98,26,1,0,6,77,16,38,127,0,153,3,18
7,140,9,0,0,0,27,3,12,59,0,56,0,12
5,0,47,0,0,220,0,0,22,0,0,0,1,0
9,77,23,0,0,4,98,9,49,47,0,128,2,15
5,5,51,17,0,53,3,0,75,0,0,9,26,5
6,39,36,2,2,9,68,9,144,40,0,76,1,39
8,39,26,0,0,10,36,10,100,42,1,53,16,17
7,90,7,0,1,1,31,8,6,117,0,66,1,9
7,52,4,1,0,3,35,6,20,29,0,51,1,8
10,44,8,0,0,2,30,6,9,30,0,54,1,4
4,2,48,5,0,126,0,0,28,0,0,0,21,1
6,15,176,1,0,83,9,1,26,0,0,2,3,15
4,83,455,54,5,728,193,131,5121,28,3,230,1980,301
8,61,13,1,1,4,64,15,38,39,0,124,0,19
2,307,2734,15242,13,4398,756,1078,7771,125,9,1001,7745,890
5,8,19,2,0,24,11,3,206,1,0,13,89,8
7,16,23,0,0,23,18,6,132,7,0,43,22,16
10,28,7,0,1,0,32,5,11,44,0,58,0,3
5,3,84,0,0,229,2,0,13,3,0,3,2,7
9,99,20,2,0,4,97,14,53,79,0,175,1,21
9,185,49,2,0,14,266,26,100,146,0,408,2,58
5,3,12,0,0,12,12,1,143,2,0,3,21,1
9,166,70,10,1,13,108,24,140,95,0,169,10,37
6,93,11,0,1,1,34,13,17,118,0,75,0,14
2,8,1,0,1764,0,39,0,46,14,1320,11,11,31
8,1243,451,11,18,113,873,217,1257,866,2,1987,119,388
2,27,0,0,112,0,7,28,182,21,2042,123,17,31
1,0,0,0,13,0,1,0,0,0,785,1,7,1
5,4,19,9,0,52,20,2,210,1,0,12,60,17
8,9,6,2,0,2,16,4,11,10,0,26,0,4
7,5,46,3,0,35,15,0,260,1,0,11,86,12
9,91,29,3,0,5,166,15,56,55,1,225,1,42
8,12,8,0,0,1,7,3,34,2,0,16,2,13
9,61,23,0,0,11,83,15,69,34,0,149,3,36
10,83,22,0,2,2,88,17,42,73,0,148,2,23
5,58,209,37,2,191,83,803,1180,31,1,403,255,167
2,210,677,50181,11,3653,283,342,3121,118,7,545,22917,330
7,18,190,1,0,93,10,2,66,1,0,21,4,17
6,0,69,1,0,407,0,0,47,0,0,0,6,5
9,90,33,0,0,7,88,12,68,69,0,174,0,25
4,0,11,3,0,239,2,0,5,0,0,0,0,2
7,4,162,46,0,174,5,2,218,1,0,17,61,12
6,54,40,1,1,31,51,39,118,20,0,145,7,43
9,79,28,0,1,4,92,15,57,90,0,221,1,32
9,142,24,1,3,7,80,10,49,51,0,119,0,20
6,11,27,1,0,9,15,3,124,1,1,21,25,7
6,0,147,3,0,270,0,0,34,0,0,1,11,5
2,8,0,0,943,0,3,0,124,83,2228,17,32,1
3,1,0,0,0,0,9,34,27,7,0,8,2,4
8,66,27,0,0,8,141,13,116,47,0,142,11,38
7,61,41,0,0,9,70,13,134,33,0,106,23,50
9,253,170,12,7,59,515,117,736,269,2,877,28,205
4,3,0,0,1901,0,1,2,60,54,1409,10,2,3
7,135,10,0,1,2,49,21,36,48,0,121,1,14
3,1,0,0,56,0,1,0,16,8,20,0,0,3
6,114,4,0,3,1,50,9,11,193,0,117,0,4
5,326,116,1,389,14,357,1327,465,511,26,1305,106,127
5,1,13,1,0,45,4,0,240,2,0,1,121,8
7,86,7,0,2,2,44,11,6,131,0,101,0,7
4,14,1,1,2574,0,6,2,82,44,2093,33,286,12
4,5,2,1,2989,2,3,1,111,109,1648,43,97,21
7,25,12,0,0,3,26,10,38,8,0,42,0,16
6,128,7,0,0,2,58,8,10,53,0,74,0,8
7,111,12,1,0,3,62,10,28,45,0,119,0,12
4,249,826,103,10,861,418,1074,8766,78,27,995,1708,681
7,7,10,2,0,11,20,4,94,3,0,7,16,18
6,4,178,0,0,402,2,1,78,1,0,0,12,5
9,37,5,0,0,0,33,8,47,17,0,57,1,13
8,125,18,0,2,5,66,6,24,52,0,94,2,14
7,2,11,0,0,5,7,2,167,0,0,4,34,5
7,56,17,0,0,1,36,10,14,13,0,74,5,23
2,1,2,24,43,0,3,1,25,11,219,2,0,0
1,0,0,0,48,0,1,0,13,2,95,0,1,0
9,94,25,1,0,5,81,8,35,129,0,124,1,15
8,18,10,0,0,3,38,4,23,0,0,22,4,17
7,70,2429,34,0,1439,95,16,927,26,0,138,88,300
5,31,1,1,1312,0,23,9,199,344,286,93,82,84
6,838,1108,97,90,706,1267,1560,8866,445,20,2839,1087,1583
8,105,32,0,0,5,50,23,76,176,0,114,1,20
5,43,5,0,1,0,28,6,16,24,0,36,0,6
9,84,21,0,0,5,87,12,55,84,0,157,2,29
7,102,12,1,0,4,68,30,21,159,0,147,0,17
4,9,0,0,16,1,14,148,34,14,11,28,0,9
6,114,18,0,1,0,27,6,31,30,0,61,2,13
5,114,9,0,0,4,44,6,28,31,0,58,0,14
9,66,54,0,0,12,67,13,62,42,0,169,3,34
7,16,25,0,0,34,27,3,260,11,0,39,20,21
7,143,2,0,0,0,61,5,6,193,0,98,1,10
5,117,7,0,1,2,65,6,10,207,0,115,1,4
5,13,164,0,1,43,20,1,20,5,0,16,0,19
4,107,12,2,0,2,54,12,16,41,0,121,0,11
6,149,27,2,0,6,99,15,22,57,0,84,0,29
6,50,10,0,3,4,18,16,12,7,0,59,1,7
5,141,8,0,0,2,44,21,17,170,1,114,2,10
7,94,14,1,5,2,40,15,11,107,0,51,0,6
8,69,12,1,2,2,45,12,13,57,0,95,0,16
9,116,9,0,1,2,66,18,18,51,0,114,1,16
3,1,0,0,75,0,0,0,1,2,16,1,0,0
3,0,0,0,0,0,0,0,8,0,0,5,0,4
2,5,7,0,1894,1,0,36,79,38,1485,7,119,24
2,20,2,0,361,0,4,0,100,55,198,15,90,15
3,9,1,0,123,0,2,0,10,21,59,4,15,1
8,74,51,11,2,26,91,18,209,68,0,194,24,41
5,83,2,0,1,5,76,6,16,159,0,62,1,8
10,5,10,0,0,3,21,1,20,2,0,28,0,5
6,29,133,2,0,63,17,3,45,6,0,23,2,22
9,183,31,4,2,6,172,40,39,98,0,278,1,31
7,43,45,1,0,45,53,13,205,14,0,49,30,30
7,98,5,0,4,3,132,8,19,36,0,78,0,22
7,48,9,0,0,1,20,14,22,21,0,44,0,16
8,158,13,0,0,1,79,9,28,90,0,91,0,6
5,2,27,0,0,61,4,1,126,0,0,3,42,3
7,59,9,0,1,7,27,9,37,25,2,66,0,10
2,20,192,6264,1,1892,11,6,743,6,2,19,8506,38
7,13,426,3,0,397,9,1,189,2,0,10,11,57
5,6,304,7,0,985,2,8,268,3,0,10,37,21
7,46,21,0,0,8,27,12,18,11,0,54,0,17
8,39,55,0,0,6,36,0,17,12,0,31,2,38
4,12,4,0,0,0,11,1,6,6,0,27,0,1
6,2,28,0,0,18,20,0,213,1,0,9,21,13
7,31,70,3,0,11,75,4,297,14,0,61,45,32
8,18,803,9,0,784,15,2,336,3,1,22,33,74
7,3,2,0,1,9,6,3,78,1,0,4,28,5
7,90,134,26,1,101,107,28,854,31,0,142,260,128
5,4,38,16,0,29,6,6,179,2,0,16,70,13
7,21,37,0,0,28,29,1,152,7,0,33,20,21
7,23,30,0,1,24,76,11,167,13,0,73,44,40
8,92,14,0,0,2,68,11,15,45,0,55,1,14
7,13,30,2,0,15,29,6,130,6,0,23,30,19
5,2,6,1,0,3,9,1,8,4,0,14,0,10
7,79,116,1,1,19,42,12,52,51,0,71,1,47
7,16,24,1,0,14,22,6,102,4,0,44,1,28
6,34,38,10,1,38,25,5,267,34,0,32,67,21
7,19,294,10,0,264,11,26,285,7,0,47,42,41
7,4,6,0,0,8,25,1,97,1,0,13,27,8
7,13,17,0,0,12,22,6,167,15,0,34,17,32
6,3,154,12,0,332,2,0,225,3,0,2,59,18
9,888,334,25,13,135,999,190,1430,622,0,2227,114,477
4,116,10,2,1,1,48,18,10,138,0,140,3,9
8,99,4,0,1,0,51,7,5,46,0,98,0,9
8,42,39,0,0,8,47,5,142,10,0,93,30,43
6,17,0,0,710,0,8,8,125,234,3,23,0,4
3,20,1,0,931,2,5,0,173,227,1017,24,95,9
7,105,12,0,2,3,51,12,26,199,0,128,2,12
8,78,4,0,0,1,58,10,25,128,0,67,0,14
5,3,6,1,0,7,2,1,159,0,0,2,14,6
7,85,1,0,0,1,36,6,6,35,0,66,0,5
7,72,8,0,0,1,56,3,5,99,0,61,1,13
8,18,22,2,0,2,38,4,83,13,0,60,2,15
9,67,9,0,1,4,88,15,22,52,0,140,1,21
9,94,20,0,1,0,92,11,38,61,0,135,1,19
7,114,116,0,2,37,136,52,516,49,0,310,27,93
8,80,4,0,0,1,69,10,6,53,0,88,1,9
3,136,0,0,1,0,101,4,7,301,0,111,0,13
9,26,17,0,1,2,41,5,29,13,0,62,0,5
7,582,1007,42,9,469,922,463,4440,232,0,2229,693,793
9,101,28,0,0,2,75,14,43,69,0,154,3,13
9,22,10,0,0,2,33,6,21,26,0,44,0,6
9,47,17,0,1,4,33,6,27,27,0,41,0,7
4,5,97,88,0,397,1,1,193,1,0,11,616,16
7,2,157,5,0,140,4,0,53,0,0,5,14,12
9,983,648,198,13,361,1414,341,2280,668,0,3172,799,671
7,28,12,0,0,11,57,11,123,13,0,81,10,29
9,25,19,2,0,6,43,5,62,20,0,56,2,22
9,42,32,0,0,11,90,13,123,22,0,156,5,44
7,88,10,0,0,2,51,8,24,102,0,109,0,20
9,20,8,0,0,4,22,6,31,13,0,42,0,6
7,86,11,0,1,2,45,19,16,167,0,96,0,10
9,56,29,2,0,10,102,24,121,47,0,219,2,34
7,874,940,61,11,703,1091,329,3983,483,5,2457,577,897
6,3,8,2,0,15,2,3,125,2,0,8,33,5
7,96,9,0,1,1,38,2,16,20,1,49,0,12
7,113,59,0,0,3,88,20,169,79,0,196,3,63
6,7,12,1,8,17,5,1,82,5,7,15,5,14
7,53,35,2,0,21,65,7,165,16,0,72,15,34
3,128,5,0,0,1,72,11,8,43,0,106,0,5
5,20,182,34,0,413,66,55,856,10,0,81,410,64
9,46,40,1,0,5,93,7,128,28,0,122,2,51
8,113,13,0,1,4,51,9,17,49,0,59,1,13
7,54,2,0,4,0,15,4,21,38,0,63,0,4
9,58,25,3,0,10,57,8,92,24,0,115,4,28
9,59,8,2,0,7,38,9,18,16,0,59,2,6
6,11,16,23,0,9,5,5,107,4,0,26,7,8
3,81,7,0,3,0,23,7,6,44,0,102,0,15
7,13,84,5,0,49,79,5,374,6,0,46,29,45
5,4,11,2,0,3,5,2,28,4,0,19,0,9
9,94,42,0,1,1,89,33,61,60,0,231,0,54
7,11,199,7,0,160,9,1,93,6,0,10,20,15
8,52,23,0,2,14,86,22,99,32,0,120,9,33
7,118,11,1,0,0,66,13,29,59,1,74,1,4
6,85,10,0,0,3,40,19,50,31,0,85,1,12
8,28,8,0,1,2,6,19,27,10,0,26,0,8
6,3,53,0,0,68,11,1,36,3,0,3,0,11
8,39,90,3,0,43,128,37,413,37,0,199,56,93
8,394,43,1,4,12,229,33,111,172,0,336,6,57
10,223,32,1,1,6,148,31,86,160,0,442,3,50
7,314,6,0,0,1,68,11,12,138,0,166,0,11
7,235,11,1,3,8,57,15,22,135,0,158,2,13
8,109,10,0,0,3,86,5,36,46,0,92,4,19
9,32,7,0,1,3,56,11,17,34,0,69,0,9
7,19,55,3,0,24,34,3,185,6,0,51,25,50
7,47,17,1,0,4,23,8,146,12,0,49,3,20
5,46,11,1,0,0,38,11,14,61,0,60,0,4
10,33,7,0,0,0,24,1,5,20,0,70,0,8
8,656,3368,149,22,2092,889,214,2922,393,7,1645,694,810
7,74,51,2,0,48,50,9,203,60,0,66,24,49
8,80,24,0,2,11,48,7,48,68,0,60,10,16
7,62,18,0,1,8,53,19,54,14,0,73,2,28
5,130,608,1673,1,1134,201,130,2302,52,0,365,1695,308
8,5102,1522,127,118,603,4426,1117,5091,3784,4,8999,400,1813
7,7,38,1,0,20,49,6,237,4,0,24,36,28
6,2,9,1,0,11,3,0,165,0,0,3,26,14
8,29,115,3,0,18,55,30,222,21,1,102,14,61
9,18,11,0,0,2,10,3,37,10,0,22,2,4
8,84,4,0,3,0,59,6,8,23,1,71,9,4
7,53,4,0,0,1,27,7,12,37,0,53,0,9
7,4,13,0,0,11,9,0,128,1,0,7,56,11
7,3,7,0,0,1,6,6,41,1,0,16,16,10
6,41,3,0,0,1,13,6,20,16,0,52,0,12
7,22,9,0,0,1,8,17,22,13,0,38,1,11
9,49,117,0,0,17,45,17,126,10,0,97,4,27
7,46,14,1,0,1,65,20,21,23,0,103,4,18
8,169,6,0,0,1,104,8,20,82,0,129,0,27
7,40,3,0,3,1,11,18,7,50,0,43,0,8
9,60,4,0,0,2,31,4,8,20,0,60,2,15
7,25,27,0,1,14,51,12,110,8,0,115,1,19
9,63,22,0,0,2,59,19,32,55,0,129,1,18
3,14,6,0,0,0,11,4,9,3,0,13,1,5
6,2138,2632,432,66,1561,3219,3840,16957,1048,24,6624,3474,2766
7,20,40,11,0,56,17,6,229,6,0,36,40,22
6,1,83,8,0,132,0,2,52,0,0,4,4,2
8,68,48,1,0,15,63,11,110,29,0,171,9,38
7,110,16,0,0,4,77,9,61,60,0,113,4,36
7,9352,6532,5042,9783,3607,11146,12799,29269,8620,492,26800,3585,7462
8,127,10,0,1,1,73,13,20,79,0,122,2,10
8,99,10,2,1,0,71,7,17,137,0,111,1,12
7,44,18,0,0,1,25,2,36,18,0,53,0,18
8,48,22,3,0,5,41,6,99,21,1,89,3,28
5,10,8,0,0,10,11,1,27,3,0,11,0,4
8,74,38,0,3,6,37,8,51,42,0,111,1,28
9,73,15,0,2,1,76,8,44,63,0,142,0,29
7,122,14,0,3,1,82,9,38,78,0,80,0,15
8,104,5,0,4,0,50,12,14,151,0,99,0,6
5,29,4,1,0,0,4,1,12,4,0,17,2,6
9,258,149,2,5,36,370,63,482,247,0,534,16,165
7,20,0,0,0,2,10,2,8,17,0,13,0,8
3,3,115,4,1,446,0,1,462,0,0,2,9,2
7,36,67,2,2,39,63,32,303,10,0,75,38,61
8,69,10,0,1,2,23,5,11,63,0,83,2,13
7,103,4,0,4,1,24,10,10,65,0,40,0,4
7,49,3,2,5,0,13,3,1,86,0,18,0,3
7,106,4,0,5,1,15,3,4,130,0,34,0,3
8,31,4,0,1,0,9,5,4,30,0,34,0,1
5,331,918,184,20,932,304,493,1560,185,3,833,1032,379
7,43,17,1,0,1,55,7,113,43,0,95,13,27
7,14,624,24,1,497,18,6,281,4,0,23,97,59
9,103,16,0,3,3,80,17,51,65,0,167,8,21
7,33,63,1,1,33,86,8,275,6,0,67,27,44
5,179,8,0,0,0,83,18,17,128,0,152,1,23
7,62,20,1,0,6,100,16,25,25,0,91,1,27
8,86,2,0,0,0,57,7,13,180,0,112,1,12
4,62,214,754,0,306,122,183,2219,15,1,104,673,136
8,25,4,0,1,11,22,4,44,22,0,51,9,14
2,0,0,0,49,0,1,1,17,4,121,7,4,15
8,97,13,0,0,2,97,19,22,21,0,150,4,15
6,0,11,7,0,12,5,0,127,3,0,3,29,6
6,175,17,0,2,5,62,14,15,202,0,115,3,13
5,4,124,5,0,152,2,4,110,2,0,11,10,14
7,87,16,0,0,12,40,6,64,70,0,76,1,25
5,5,17,0,0,19,15,4,149,1,0,7,26,9
5,0,45,0,0,34,0,0,18,0,0,0,3,1
7,7,180,20,0,101,17,1,83,4,1,27,28,22
6,68,27,0,0,19,62,9,74,45,0,100,1,15
5,2,17,0,0,11,2,18,45,2,0,15,3,5
8,5127,2680,449,92,959,6908,2413,11580,4557,9,14701,1677,2996
10,182,21,0,2,2,119,27,25,99,0,258,1,11
9,86,65,2,0,20,53,4,29,36,0,101,2,11
5,4,116,0,1,220,3,74,166,1,0,12,20,16
3,1,150,7,0,343,0,0,68,0,0,1,6,13
8,3970,1572,100,38,574,4537,1184,6389,2869,1,10746,683,2168
6,14,18,1,0,17,30,5,160,6,0,34,33,13
9,107,20,1,1,1,98,29,41,90,0,170,0,11
9,94,10,1,1,8,81,11,28,59,0,96,0,12
7,24,9,0,1,2,7,3,7,9,0,21,0,6
6,4585,5817,679,66,2798,7333,6017,33538,2365,12,16497,8751,6512
8,45,7,0,0,6,25,6,22,46,1,28,0,6
7,15,33,4,0,23,21,13,261,11,0,47,34,45
8,30,475,2,0,127,61,1,173,7,0,95,14,81
6,121,11,1,5,0,43,9,16,25,0,42,2,13
7,126,16,0,0,9,40,9,14,31,0,64,1,15
9,102,10,1,0,4,88,9,62,67,0,147,0,35
1,9,1,0,847,0,6,5,214,43,2264,11,3,3
5,85,129,0,127,0,577,457,136,146,1,146,166,134
2,0,0,0,53,0,0,0,9,3,159,4,2,0
3,57,2,0,2863,2,10,8,225,162,1131,57,5,16
2,3,0,1,165,0,0,1,59,6,383,8,2,19
8,36,10,0,0,2,50,5,15,21,0,29,0,3
3,4,0,1,2530,1,6,1,203,63,1340,18,2,24
7,38,24,1,0,8,17,13,97,11,0,55,2,31
2,1,0,0,669,0,5,0,22,24,846,4,123,1
2,1,27,536,0,290,0,1,76,0,0,1,652,4
9,28,25,2,1,4,44,18,93,20,0,91,1,22
5,173,12,2,704,6,223,1226,193,404,88,623,62,86
3,0,41,6,0,343,0,3,23,0,0,0,10,5
1,0,4,0,0,10,5,0,17,0,0,0,1,0
4,128,4,0,0,1,40,11,9,63,0,76,0,10
3,21,1,3,4076,1,9,3,159,189,1548,55,15,7
3,163,5,0,1114,0,0,1,20,141,2346,19,1,1
5,4,4,0,1013,1,4,0,41,108,966,28,10,3
3,9846,16529,58585,2763,23039,8181,4886,51238,9177,386,13960,39151,8447
7,18,0,0,649,0,11,3,148,135,87,49,0,3
2,23,1,0,1291,1,2,1,121,50,659,17,17,5
5,27,19,0,35,1,317,795,535,91,5,334,486,82
3,11,1,0,185,1,11,0,212,37,1021,18,5,18
7,180,21,1,0,2,103,9,23,105,0,131,1,28
3,3,1,1,2787,0,1,7,28,21,2326,11,5,2
7,40,8,0,0,2,12,1,11,22,0,34,0,9
8,1153,629,33,6,273,1278,435,2288,709,2,3427,554,717
2,9,4,2,0,1,5,0,8,4,0,3,2,1
4,2,23,0,170,0,1,0,24,77,1042,6,0,1
6,171,2,0,32,0,173,20,77,97,26,172,4,50
2,19,4,0,3501,1,4,6,267,79,3054,40,27,19
2,7,1,1,2452,2,20,4,212,180,3883,49,314,41
5,22,12,0,3238,0,9,27,186,263,464,72,13,163
9,40,25,1,1,3,51,11,20,20,0,60,3,22
7,0,5,2,0,19,0,0,90,1,0,0,19,1
2,24,1,0,3498,1,4,1,79,177,1218,56,3,40
8,26,31,0,1,2,29,10,35,6,0,59,0,18
3,2,0,0,107,0,0,0,7,3,272,5,1,5
7,117,13,0,0,6,39,2,11,98,0,108,0,20
8,37,30,0,1,5,26,6,24,13,0,68,0,19
8,48,13,0,0,0,55,11,56,31,0,52,2,23
6,0,51,1,0,186,0,0,10,0,0,0,6,0
5,6,86,3,0,278,0,0,50,1,0,3,5,4
10,160,37,5,1,15,159,43,124,166,0,327,2,51
5,0,52,2,0,152,0,1,20,0,0,0,0,0
8,41,20,0,3,2,40,7,50,74,0,64,2,24
6,886,1316,752,238,460,1086,4188,6637,465,77,4361,653,1655
6,53,932,33,1,1679,61,125,1130,16,0,129,142,183
1,1,1,0,54,0,0,0,7,2,756,0,0,1
7,271,69,2,22,13,145,92,239,165,3,377,10,70
5,123,254,19,7,356,138,568,1024,56,1,439,93,237
4,0,0,0,800,0,0,3,18,7,673,2,1,2
5,7,450,5,1,1156,6,13,340,2,0,7,34,25
7,19,59,2,0,45,18,6,399,1,0,53,29,55
6,19,5,0,0,2,7,16,30,7,0,39,0,12
7,8,28,2,0,28,33,0,149,2,0,15,16,7
3,0,9,12,0,97,0,0,2,0,0,0,3,1
9,88,27,1,1,7,66,13,43,84,0,139,3,20
5,6,4,0,0,22,5,2,15,8,0,11,1,1
3,3,56,2,0,209,0,0,23,1,0,0,5,3
7,89,673,9,4,244,109,26,458,18,0,121,16,175
8,16,35,0,0,15,132,9,113,11,0,61,12,20
9,78,25,2,1,5,59,11,65,37,0,94,7,24
8,116,26,0,1,5,74,20,36,77,0,165,2,13
7,37,15,1,0,3,42,7,61,13,0,70,2,23
9,77,21,0,0,7,41,16,67,57,0,91,5,30
9,40,23,0,0,1,59,8,66,18,0,88,3,18
9,123,25,2,0,2,124,21,79,74,0,182,4,36
7,137,14,2,0,5,88,15,70,38,0,91,0,29
10,71,9,1,0,2,49,8,38,43,0,123,0,18
4,7,162,2,0,66,12,0,85,3,0,13,0,25
4,4,3,1,0,0,3,8,24,1,0,8,0,4
4,1,5,44,0,19,2,1,24,0,0,7,25,7
5,74,10,0,0,1,106,12,23,54,0,58,0,12
8,63,10,0,3,0,26,2,7,38,0,54,0,10
4,8,64,448,0,1633,4,6,299,1,1,4,311,12
9,88,2,1,0,2,63,8,29,40,0,89,1,12
8,105,14,0,2,3,37,14,29,47,0,84,1,22
7,51,5,0,0,0,37,7,14,24,0,74,0,5
9,64,51,1,0,10,140,29,81,31,0,150,4,32
7,17,21,1,0,49,20,11,142,11,0,59,16,21
7,93,20,0,3,5,44,6,28,72,0,100,2,15
3,19,8,0,1,2,14,0,20,19,0,52,5,10
9,168,82,5,0,15,227,38,152,82,0,386,4,78
9,63,22,0,1,1,75,11,69,35,0,124,4,33
6,15,195,1,0,183,35,0,90,1,1,9,11,34
7,47,7,0,0,1,36,10,17,27,0,79,0,20
7,21,56,18,0,44,32,20,63,7,0,95,12,21
7,6,36,5,0,13,12,8,45,4,0,24,3,2
9,158,19,0,3,1,132,19,31,114,0,302,0,21
8,24,22,1,0,3,53,9,117,10,0,58,5,32
6,5,17,1,0,42,35,1,204,3,0,7,83,11
5,15,2,1,3229,0,3,3,80,283,2143,43,131,12
3,32,5,0,1321,10,24,3,82,1689,5434,24,4,5
8,42,24,0,1,7,64,9,37,20,0,92,2,17
9,71,23,4,1,14,84,21,95,34,0,138,5,17
7,5,115,1,0,135,7,1,75,3,0,2,2,11
9,37,8,0,0,3,48,8,31,27,0,51,0,4
7,81,7,0,0,1,44,29,11,128,0,112,1,11
8,135,16,0,5,2,87,9,43,175,0,167,2,25
9,66,8,0,1,2,67,7,38,76,0,170,1,19
9,72,6,0,0,2,63,12,32,46,0,116,1,9
10,91,28,0,1,6,111,13,54,61,0,154,4,21
3,1,81,3,0,147,3,1,37,0,0,8,1,20
6,81,13,0,0,5,46,8,17,34,0,65,0,9
9,18,12,0,0,9,30,2,23,7,0,36,2,10
8,5932,3261,241,85,1538,6217,2553,11874,4181,17,14866,1559,3390
5,4,11,4,0,53,4,2,109,5,0,11,28,5
10,131,36,3,3,13,222,71,162,138,5,402,1,39
9,63,26,1,0,9,80,14,62,47,0,146,2,29
2,1,3,0,0,2,6,4,8,2,0,9,0,1
9,127,29,0,0,10,208,32,74,68,0,187,2,33
7,115,9,0,0,0,57,8,17,55,0,93,0,8
4,0,63,1,0,308,1,1,93,0,0,1,18,4
8,275,155,4,7,63,370,87,510,137,3,576,25,163
9,31,30,0,0,8,81,9,97,29,0,109,3,30
9,65,28,0,2,7,59,12,86,55,0,62,4,12
8,89,36,0,1,9,149,18,88,50,0,186,6,22
9,242,25,0,0,9,199,28,28,163,0,310,2,34
9,506,133,1,41,48,380,119,392,400,0,839,6,295
6,3,54,6,0,62,5,1,179,4,0,11,39,10
9,71,3,0,0,6,82,7,22,57,0,114,0,21
8,108,25,1,2,7,138,18,49,36,0,163,2,23
8,167,33,0,1,2,140,17,37,83,0,144,0,25
7,776,897,82,14,340,1138,464,3943,399,1,2764,495,905
7,29,38,1,0,9,40,1,87,14,0,49,17,33
5,3,28,5,0,24,11,2,202,0,1,10,28,21
7,74,34,0,0,8,68,51,140,108,0,129,4,38
8,50,16,0,1,3,55,16,56,14,0,50,0,25
9,146,34,0,1,6,131,43,58,113,0,285,2,56
8,55,5,0,2,0,21,6,17,35,0,54,2,12
3,12,195,23,1,1623,8,62,876,12,0,23,85,55
6,792,1950,556,13,1330,1714,2070,12345,278,5,3447,2471,1797
7,993,1364,175,10,325,1855,1942,6964,508,4,4615,683,1678
6,125,340,32,12,299,315,161,2798,46,2,396,589,291
4,447,1319,1979,6,1686,1205,2811,10192,141,6,1866,3537,1398
4,112,563,570,4,1791,505,180,4550,28,3,241,1834,312
7,1129,1675,65,14,503,2122,2307,7738,503,3,5067,677,2048
6,0,107,3,0,142,2,0,89,0,0,0,9,7
9,2327,1093,59,22,494,2742,712,4266,1706,4,5850,544,1345
5,257,573,40,12,560,399,917,5339,110,4,527,971,572
8,1765,365,98,64,130,1079,264,1253,1269,3,2305,63,466
5,490,945,66,5,398,868,3409,7899,177,8,2505,813,1289
2,9,23,1659,0,185,6,0,81,3,0,6,468,10
3,84,11,1,137,2,211,681,1687,82,9,154,146,377
6,65,9,0,1,3,12,6,12,17,0,27,0,1
7,50,16,0,0,7,18,4,84,29,0,30,22,16
6,151,5,1,17,7,17,9,4,122,0,21,0,4
7,23,15,0,0,3,12,4,8,11,0,10,0,6
5,0,197,12,0,709,2,1,68,0,0,1,10,3
8,69,30,1,0,2,93,7,58,32,0,147,3,51
2,8,141,686,1,1016,2,0,275,0,0,5,1355,16
10,784,558,8,5,141,721,226,772,482,3,1692,19,343
1,0,0,146,0,4,0,0,1,0,0,0,4,0
9,89,18,0,1,3,73,10,32,98,0,150,0,15
8,41,14,2,1,9,33,4,24,32,0,29,0,25
7,55,38,0,1,3,26,0,6,18,0,17,0,11
7,8,15,2,0,15,5,0,99,7,0,5,39,8
4,91,7,0,1,1,12,11,10,44,0,39,1,7
2,1,0,0,4,0,0,0,11,7,44,32,0,1
1,4,2,0,919,0,8,2,81,54,2753,137,12,129
5,111,8,1,0,2,71,26,42,29,0,105,2,32
2,33,175,2,0,26,42,1,54,6,0,48,3,48
8,99,4,0,1,1,46,9,14,115,0,81,0,8
10,112,17,0,1,3,81,12,18,88,1,104,0,27
1,5,0,0,1270,0,0,2,61,25,1786,3,1,11
9,178,71,1,4,26,178,41,219,108,0,390,5,78
7,5,4,0,0,1,8,2,43,1,0,7,12,8
2,13,151,0,0,92,18,0,53,1,0,16,6,34
10,362,298,3,33,74,585,97,788,290,25,893,18,276
7,91,14,0,7,3,50,25,38,130,0,89,0,28
9,109,13,0,0,2,71,3,17,91,0,143,0,16
9,33,22,0,1,5,41,8,65,17,1,101,0,32
7,30,39,1,0,4,49,8,98,4,0,93,7,28
7,31,10,2,1,10,20,8,70,6,0,53,2,18
4,514,1860,1173,2712,2258,775,2563,10360,329,1383,1980,2526,1264
7,100,14,0,0,3,72,13,32,61,0,124,0,18
6,31,3,0,1,0,3,7,5,21,0,22,0,1
7,63,12,0,5,2,32,7,21,43,4,113,1,17
6,30,17,4,1,16,21,5,119,18,1,30,47,10
6,132,11,3,0,1,74,10,14,215,1,99,1,14
6,5,76,7,0,192,6,1,412,1,0,3,121,20
7,35,8,0,0,2,43,7,28,19,1,54,1,9
2,338,23,0,1,6,137,37,37,252,1,233,1,36
2,0,20,152,0,72,0,0,11,1,0,1,26,1
6,291,2229,175,7,2059,545,832,8801,102,4,1068,1285,1221
4,6,49,11,0,130,14,30,203,8,0,46,10,36
8,65,15,0,0,2,48,8,31,28,0,91,0,8
5,24,139,1,0,13,40,0,22,2,1,25,2,23
9,112,11,1,1,1,68,11,19,62,0,103,0,19
2,10,0,1,2105,1,3,1,92,109,770,12,3,21
3,1,51,3,0,238,0,2,30,0,0,0,5,0
6,3,207,3,0,370,4,3,133,0,0,6,27,17
5,203,462,66,1668,642,196,1736,3041,242,302,852,661,547
7,117,5,0,4,2,37,14,18,104,0,138,0,12
7,91,7,0,2,4,46,14,29,36,0,75,3,14
8,105,17,1,0,4,83,10,26,57,0,141,2,23
7,31,58,2,1,32,24,11,281,10,0,75,33,41
8,193,19,0,4,4,142,12,17,101,0,160,0,20
5,39,1,0,0,1,27,10,8,146,2,68,1,13
6,13,19,0,0,14,24,8,144,6,0,27,11,9
9,49,27,2,0,8,121,17,87,49,0,157,2,22
3,22,1,0,4525,0,4,2,57,107,976,7,18,1
3,10,1,0,3,0,24,15,65,6,2,35,0,3
7,93,21,3,1,3,48,29,76,44,0,70,1,19
6,3,16,4,0,26,10,3,112,1,0,7,50,10
1,5,0,0,18,0,0,0,24,8,145,5,0,0
7,88,7,0,0,1,32,4,13,37,0,49,3,7
7,56,1,0,0,0,22,5,4,24,0,27,0,5
3,1,0,0,73,0,0,0,23,31,246,12,1,1
9,88,7,0,0,4,77,8,15,75,0,158,0,30
7,11,27,0,0,10,24,1,127,3,0,22,9,27
4,0,29,0,0,165,0,0,7,0,0,1,0,1
7,82,63,0,1,26,88,20,167,61,0,148,20,36
7,87,9,0,1,5,47,5,18,21,0,68,1,25
3,160,205,4,1878,4,184,916,596,305,1751,378,298,320
7,5,19,2,0,6,23,2,72,5,0,21,9,21
9,70,13,0,0,7,47,10,22,25,0,57,2,24
6,34,10,0,1,0,35,11,8,19,1,36,0,11
2,4,0,0,6,0,3,7,29,2,0,11,6,3
5,92,2,0,0,2,37,16,8,43,1,65,2,14
2,6,1,0,1129,1,2,0,58,19,1538,6,7,31
2,1,3,1,0,65,0,0,1,0,0,0,6,0
7,16,34,2,0,29,28,15,163,12,0,27,26,16
8,3,26,0,0,0,13,4,38,0,0,9,1,11
5,12,182,0,0,87,20,0,28,9,0,21,1,21
7,75,29,2,7,11,25,7,134,39,0,34,6,23
7,32,2,0,4,3,11,5,7,29,0,12,0,6
9,246,124,0,0,14,236,64,258,193,0,683,14,139
2,0,13,269,0,36,0,1,5,0,0,0,18,4
7,21,41,1,0,19,48,14,362,5,0,83,38,43
8,94,40,1,0,2,72,11,86,45,0,170,4,27
7,13,29,1,1,7,18,3,102,6,0,42,16,21
5,1,123,62,0,711,2,0,60,1,0,2,54,5
3,6,18,10,0,20,1,1,10,1,0,4,7,7
8,721,777,15,10,243,1043,191,1974,412,0,1836,174,576
9,95,27,0,2,3,108,17,60,52,0,228,0,36
4,4,0,0,939,0,2,0,17,82,470,4,7,7
8,95,19,0,1,2,100,15,34,58,0,125,0,17
9,51,38,2,0,10,83,17,165,24,0,131,27,44
8,112,10,0,1,2,71,5,36,76,0,141,1,23
9,54,2,0,1,0,26,6,7,33,0,46,0,9
3,8,4,0,0,0,6,4,11,1,0,8,0,10
4,4,2,0,269,0,0,0,6,24,138,2,1,0
10,60,15,3,1,7,60,7,45,40,0,120,0,17
9,461,777,8,21,314,657,123,1252,238,14,1131,62,379
7,7,27,0,1,14,8,1,166,2,0,9,16,14
5,24,10,0,0,1,6,5,0,10,0,17,0,13
6,4,116,1,0,87,2,0,42,1,0,4,2,12
8,3,7,0,0,3,9,7,28,0,0,15,0,15
6,3,11,1,0,10,6,2,137,1,0,12,28,6
5,2,8,2,0,21,1,2,139,0,0,5,19,5
6,34,36,7,1,43,40,18,251,14,0,76,19,24
6,8,36,0,0,46,17,0,170,3,0,11,43,3
7,35,29,0,0,11,37,11,208,9,0,64,16,51
5,5,151,0,0,86,12,0,45,6,0,5,2,9
6,14,15,0,0,5,24,13,120,4,0,30,23,28
6,4,15,3,0,9,4,27,130,1,0,35,15,16
6,5,183,7,0,586,18,2,240,2,0,15,95,36
5,4,43,0,0,83,2,0,9,0,0,0,11,4
7,75,18,0,1,3,40,23,27,22,0,162,0,48
2,4,34,48,0,108,6,0,29,0,0,2,38,4
8,71,42,0,2,17,92,8,75,58,0,108,18,43
6,65,6,0,0,3,41,14,10,56,0,68,0,12
7,134,60,1,1,17,164,42,126,51,1,150,6,78
7,80,0,0,0,1,28,2,1,155,0,32,0,2
8,1056,776,50,28,609,1339,335,4255,1192,2,2146,659,725
8,44,60,0,0,24,54,14,117,34,0,59,2,59
5,4,26,0,0,61,8,1,76,1,0,5,5,7
7,73,13,0,0,2,41,3,12,48,0,68,1,8
7,16,32,8,0,13,29,12,182,4,0,48,24,28
7,202,33,0,10,11,106,25,63,208,2,130,2,22
6,19,49,15,4,83,37,18,424,12,0,49,133,41
5,252,520,186,5,805,385,2097,4873,86,2,889,1995,581
3,1,81,0,0,42,2,0,24,1,0,2,2,9
6,5,45,1,0,89,5,4,30,1,0,11,0,8
7,13,2,0,1126,0,15,3,47,268,7,152,1,14
8,57,12,0,0,1,32,15,30,40,0,68,0,14
9,173,24,1,1,7,147,27,29,127,0,162,0,21
7,67,2,0,0,0,12,15,6,15,0,43,0,7
9,38,19,0,0,8,69,10,62,46,0,110,0,23
6,7,51,2,0,41,29,6,305,5,0,18,60,16
9,23,14,1,1,5,52,10,70,20,0,66,2,26
10,70,33,0,3,5,76,26,69,61,0,134,1,27
2,223,3,1,1,2,90,10,15,249,0,117,0,15
8,188,26,1,0,6,66,16,47,48,0,127,0,23
7,141,5,1,1,1,53,13,18,41,0,66,0,12
9,45,21,2,0,6,80,15,141,27,0,122,2,41
7,29,27,0,0,23,19,16,189,11,0,44,10,17
9,141,20,0,3,2,69,16,25,70,0,155,0,28
9,92,18,1,1,5,78,21,26,59,0,193,0,19
3,100,0,0,267,0,2,0,56,67,293,46,5,19
8,9,4,0,0,1,11,3,21,4,0,23,0,6
9,100,35,0,1,2,85,9,45,60,0,190,3,41
8,102,7,0,1,6,33,3,22,56,0,79,0,20
7,2,159,2,0,35,1,0,21,0,0,2,0,8
7,18,225,2,1,86,19,2,52,5,0,12,5,51
3,206,72,8,16,415,79,168,476,134,18,131,39,58
7,46,37,0,0,15,27,2,23,10,0,21,0,4
4,4,185,9,0,597,2,3,151,4,0,5,43,12
7,5,13,1,0,23,15,3,130,4,0,17,24,2
7,102,9,1,0,0,89,2,11,167,0,110,0,12
9,4233,5881,191,38,1908,5170,1670,9876,2812,0,11782,806,3722
1,7,38,19309,0,539,7,2,132,3,0,8,4280,15
7,124,17,2,0,1,107,18,43,49,0,196,2,32
8,50,5,0,0,2,42,11,28,36,0,77,2,9
7,5,318,0,0,308,5,0,103,1,0,10,18,22
8,50,16,1,1,17,82,13,65,34,0,110,5,28
9,107,24,2,8,10,106,17,87,96,0,152,2,33
2,3,0,0,457,0,3,0,23,17,419,1,0,0
7,32,139,3,0,56,48,57,376,15,0,148,11,91
8,6,14,0,0,3,12,0,28,1,0,12,1,14
7,406,20,0,2,4,117,27,44,131,0,210,0,23
8,112,13,0,1,4,84,18,44,60,0,222,0,19
6,1032,2000,111,85,1028,1748,3204,12179,571,31,4208,1886,2055
7,80,14,0,0,0,42,4,15,17,0,49,0,8
7,19,34,6,0,34,29,0,147,5,0,23,52,17
2,4,0,0,1825,0,7,2,58,76,2013,14,65,41
3,2,10,28,0,150,0,0,16,0,0,0,38,1
8,117,12,0,0,4,81,9,15,58,0,109,1,15
8,55,6,0,2,1,19,2,17,159,0,79,2,2
8,50,1,0,0,0,29,8,10,81,0,56,0,6
9,103,5,0,5,1,30,1,1,89,0,30,0,5
5,18,74,1,0,16,12,7,26,9,0,21,2,17
3,3,0,1,242,0,5,0,70,59,190,12,11,2
2,0,5,0,0,277,0,0,1,0,0,1,0,0
3,144,4,5,14632,1,41,37,885,892,5408,270,27,73
8,75,11,1,1,2,71,19,37,112,0,116,1,25
5,0,35,0,0,92,0,0,9,0,0,0,1,2
7,12,60,4,0,24,53,7,322,8,0,79,76,32
3,8,0,0,159,0,1,1,358,32,138,12,0,2
6,13,302,1,0,232,17,5,117,4,0,19,6,27
7,11,300,3,0,111,18,1,115,6,0,11,20,37
7,27,27,0,0,4,36,24,44,10,0,81,2,33
8,27,5,0,0,1,37,2,19,7,0,34,0,7
7,99,14,1,0,6,47,17,21,38,0,107,4,17
1,55,0,0,2,0,20,0,11,41,0,20,0,6
8,26,8,0,3,6,15,3,29,14,0,68,0,14
7,39,57,4,2,33,97,9,188,30,0,41,19,54
8,2353,1374,128,24,526,3223,836,5900,1477,2,6622,712,1732
7,516,582,39,27,222,800,1581,3843,309,4,2280,552,845
6,1,79,0,0,152,0,0,7,0,0,0,2,5
10,65,23,1,1,13,64,11,67,40,0,121,2,20
6,3308,6898,2962,48,4987,6473,8628,36826,1700,31,14617,11184,5503
9,51,49,1,0,11,92,13,118,24,0,126,3,42
8,32,18,0,0,4,29,6,26,7,0,17,0,16
7,143,9,0,0,1,46,8,9,58,0,64,0,9
7,22,26,1,0,6,52,6,91,6,0,36,11,23
3,79,758,1268,4,1501,182,725,5388,30,3,237,6922,285
7,2,11,0,0,4,16,1,97,1,0,8,26,11
6,1,58,9,0,98,0,0,44,0,0,0,9,9
8,177,13,0,0,2,99,12,12,60,0,106,2,10
7,30,83,1,0,30,96,11,170,6,7,80,13,52
7,12,526,8,0,358,14,3,146,2,0,9,4,52
5,43,7,0,0,0,10,1,12,6,0,19,3,3
9,76,21,1,1,2,52,23,73,68,1,129,5,38
6,4,33,10,1,42,9,3,163,3,0,15,28,25
9,44,20,1,0,3,81,4,44,27,0,96,4,29
9,15,0,0,90,0,2,0,0,63,5,1,0,1
5,2,163,4,0,306,3,1,72,1,0,3,15,5
7,58,11,0,0,2,32,14,16,21,0,61,1,7
7,29,16,0,0,9,13,5,39,7,0,20,1,9
7,42,28,3,0,29,64,11,281,12,1,84,36,41
9,81,34,0,0,6,136,26,63,45,0,226,2,28
8,27,42,0,1,19,42,16,123,18,0,80,13,29
8,43,155,3,0,26,74,38,277,11,1,161,4,84
7,30,26,5,0,108,30,8,83,8,0,45,30,19
8,61,18,1,1,4,54,11,29,22,0,43,1,13
9,89,13,2,0,3,80,6,30,41,1,155,0,25
7,95,9,0,0,2,63,13,11,118,0,154,0,6
7,111,6,1,0,0,49,7,13,47,0,77,0,8
4,15,108,3,1,71,17,3,34,4,1,9,5,27
7,18,206,6,0,125,7,0,135,0,0,10,24,15
8,23,32,0,0,12,51,7,69,13,0,53,2,25
8,46,41,0,0,7,84,8,87,41,0,95,7,31
8,37,22,0,0,3,41,8,68,18,0,66,7,29
6,56,7,0,0,0,16,7,14,88,0,45,1,4
9,110,25,2,2,3,130,26,74,82,0,210,3,28
7,17,23,0,0,6,40,3,131,2,0,60,11,15
6,109,4,0,5,0,32,4,5,154,0,49,2,4
7,62,16,0,2,2,28,3,12,84,0,43,1,8
10,118,24,0,0,2,102,17,43,69,1,221,1,31
5,5,243,4,2,449,16,1,329,2,1,9,49,22
5,3,36,2,0,97,4,0,142,0,0,11,28,13
4,6,6,0,1,3,9,10,8,3,3,8,0,1
8,55,28,0,1,10,77,8,162,16,2,110,9,37
8,17,26,0,0,4,26,3,21,5,0,28,1,14
7,98,7,0,0,2,41,8,12,37,0,89,1,9
5,2,15,1,0,23,1,1,124,0,0,6,40,4
7,7,370,26,0,761,9,0,107,1,0,8,45,17
5,405,498,407,3953,586,472,3567,5841,445,274,1583,436,896
7,29,23,2,0,13,19,11,121,11,0,41,21,17
6,4,92,0,0,69,10,9,172,1,0,12,10,20
10,174,82,2,0,16,224,50,146,110,1,592,3,99
6,5,9,0,0,7,35,9,155,2,0,17,16,16
5,10,287,16,1,233,13,66,222,4,0,21,8,42
6,5,28,5,0,34,5,1,174,2,0,6,37,4
9,74,44,3,0,5,175,26,158,44,0,274,14,84
5,2,196,4,0,100,5,0,66,3,0,10,2,15
7,7,9,2,1,7,9,1,28,7,0,24,0,4
8,17,12,0,0,0,14,2,9,2,0,23,0,10
3,159,691,2260,6,827,297,831,4481,69,12,494,3149,352
7,43,20,3,0,6,48,3,66,31,0,44,0,19
6,6,467,2,0,679,8,1,246,2,1,7,11,12
7,17,19,0,1,5,21,5,72,3,0,21,3,12
9,92,53,1,0,11,92,16,79,32,0,152,6,50
10,423,403,12,20,97,634,119,1085,376,6,969,19,269
9,82,8,1,1,1,77,14,47,33,0,106,4,9
5,194,643,93,1,354,284,882,4655,91,1,829,941,489
6,0,5,72,0,29,0,0,2,1,0,1,50,0
8,130,28,0,1,2,97,19,26,52,0,100,0,21
5,460,902,118,9,612,995,295,8520,283,4,1364,2960,1000
7,40,51,4,0,32,65,5,169,22,0,68,44,48
8,295,719,16,1,221,508,150,1124,112,0,1161,65,491
8,51,15,0,0,4,52,7,37,35,0,88,3,14
9,41,9,0,0,2,26,3,14,11,0,54,0,26
7,19,36,3,0,14,18,16,155,6,0,30,12,19
5,0,101,4,0,184,1,0,39,0,0,1,4,10
3,1,20,5,0,13,6,0,138,0,0,3,158,5
7,6,15,2,0,14,19,4,135,2,0,11,71,10
8,53,10,0,1,0,63,6,13,40,0,79,0,9
8,127,18,0,1,1,50,11,46,89,0,99,2,15
7,2940,1141,96,69,753,1813,873,5679,1735,4,3844,930,1075
9,387,283,14,2,74,524,104,864,181,0,1118,90,325
8,64,17,0,2,1,33,2,31,27,0,108,0,19
6,6,40,4,0,35,23,0,241,1,0,9,138,31
7,4,246,5,0,551,1,2,79,0,0,0,13,20
6,5,28,6,0,27,8,4,108,2,0,8,19,14
7,15,30,1,0,17,31,6,262,6,0,30,29,20
8,38,1,0,3,0,0,6,1,35,0,4,0,0
7,5254,11311,5375,78,8914,9097,9888,35104,2861,13,20979,9391,7523
5,63,0,0,749,0,60,1142,170,172,16,96,30,98
6,2,7,2,0,15,5,3,140,0,0,6,70,4
2,1,11,1,0,153,2,0,15,0,0,2,3,0
5,3,53,2,0,63,13,5,316,1,0,26,100,16
6,28,34,0,3,19,57,15,244,18,0,66,21,28
7,1,19,2,0,3,7,0,88,0,0,14,12,13
7,14,37,0,0,32,31,11,386,10,0,39,39,47
7,8,22,3,0,14,18,0,132,3,0,4,13,14
7,9,15,0,0,2,8,1,38,4,0,9,1,7
6,1,149,1,0,582,3,1,92,1,0,3,3,7
7,10,40,4,0,10,51,5,207,7,0,53,33,34
9,11,30,0,0,11,25,6,46,4,0,24,0,26
8,3526,5262,488,44,2017,4853,1349,8773,2991,6,10621,1627,2446
1,75,13,10,3735,1,42,10,1026,470,10626,89,14,124
3,11,1,0,22,3,2,12,258,13,24,100,256,135
9,111,28,0,0,3,57,17,39,65,1,204,1,33
8,111,21,1,1,3,92,20,36,40,0,162,0,15
7,81,5,0,1,4,44,6,22,38,1,74,0,12
8,8960,5031,700,237,2588,9831,3999,19093,6634,23,20479,2720,5561
7,176,14,0,0,4,69,12,17,110,0,99,0,16
9,3025,953,403,45,455,3766,848,4181,3294,6,7858,592,1235
7,114,14,0,1,2,65,17,26,126,0,131,1,17
5,4,122,1,0,155,1,1,46,1,0,4,5,8
4,68,9,0,1,2,56,12,24,50,0,57,4,3
9,50,20,0,3,10,41,9,45,61,0,67,3,20
7,74,21,1,2,5,86,5,28,37,0,100,1,23
8,409,271,9,1,86,552,124,971,229,0,1179,53,346
3,192,20,1,0,2,93,16,34,73,0,110,0,18
5,68,4,2,1423,2,83,220,486,222,342,142,24,434
4,613,1325,122,1946,1118,968,1359,14159,533,1756,1896,3765,1370
8,56,6,1,0,5,70,14,30,30,0,86,0,25
9,140,36,1,1,10,163,20,68,149,0,282,2,36
9,67,33,2,0,11,59,10,63,39,0,90,2,20
8,149,13,0,3,2,83,15,20,190,0,196,0,17
7,31,19,1,0,5,52,7,65,16,0,55,9,17
7,17,35,0,0,5,23,4,132,0,0,50,3,32
1,0,0,0,51,0,0,0,60,2,69,0,1,0
3,0,0,0,34,0,0,0,25,4,88,0,0,8
7,73,7,0,4,5,60,4,17,44,0,57,2,9
8,124,20,1,0,5,110,19,79,43,0,174,2,29
7,4800,4967,2585,103,4493,5370,4383,19102,3348,23,13112,4903,4203
7,18,29,1,0,9,12,10,38,5,0,32,2,11
6,63,1,0,26,0,77,41,48,26,28,68,4,30
5,92,7,0,0,0,29,10,9,53,0,56,0,10
3,21,0,1,2876,5,9,0,144,158,1863,75,6,3
2,13,32,2309,0,121,21,20,337,10,0,50,2416,18
6,0,85,0,0,200,1,0,20,0,0,0,0,2
5,0,8,0,0,9,7,0,177,0,0,9,21,3
7,114,73,1,1,12,56,10,35,67,0,107,1,29
7,15,110,1,0,35,22,0,20,1,0,4,0,14
8,103,9,3,2,2,51,11,15,168,0,91,0,5
5,2,11,3,0,16,4,1,227,1,0,1,62,15
6,7,269,5,0,724,1,0,73,1,0,0,24,5
5,2,7,1,0,12,1,0,109,0,0,0,28,7
5,141,24,0,2,3,54,34,25,43,0,87,0,11
6,3,46,0,0,50,6,11,175,1,0,22,5,27
8,56,44,2,0,8,67,6,142,28,0,109,13,23
9,91,12,0,3,7,98,30,74,104,0,223,0,28
7,6375,8336,726,74,3722,12444,10857,42313,3247,18,28289,5107,9962
7,8,1,0,0,0,16,5,24,5,0,11,0,6
7,1759,2600,534,21,2083,3677,1139,10609,972,3,5718,2844,2159
8,141,47,0,2,13,81,17,129,58,0,187,2,47
7,262,77,5,8,113,181,48,353,177,4,277,24,82
7,4,230,0,1,95,2,0,52,0,0,7,0,23
4,9,17,0,0,15,3,0,7,0,0,3,1,6
7,98,5,1,0,1,42,17,13,108,0,70,0,8
2,1,0,0,359,0,2,0,2,2,169,0,14,0
2,11,0,0,49,0,22,1,53,7,232,9,92,21
5,23,181,0,2,76,64,2,40,9,0,33,3,39
8,64,18,0,0,0,57,21,64,70,0,107,0,21
4,278,219,9,31,42,35,71,388,19,6,92,163,87
3,22,0,1,5491,1,4,6,89,104,9600,166,5,12
2,2,4,0,179,2,7,3,75,3,736,15,3,28
9,107,33,1,0,3,92,11,56,51,0,238,0,41
3,44,1,0,0,0,9,3,1,63,0,17,0,1
5,0,0,0,177,0,0,0,4,5,138,8,0,0
7,0,147,0,0,61,2,0,19,0,0,1,0,6
6,23,21,2,0,15,20,12,31,7,0,35,1,13
7,107,7,1,1,0,58,23,29,172,0,116,2,11
4,71,3,1,1,1,30,12,8,119,0,55,0,1
10,215,118,9,10,35,436,121,511,280,0,806,21,113
1,0,0,0,22,0,0,0,22,1,310,3,3,0
5,89,8,0,1,1,51,16,5,55,0,44,1,4
6,10,14,3,0,9,19,6,158,2,0,23,47,8
7,38,28,2,1,17,58,10,112,10,0,86,1,52
3,12,177,2,0,81,22,1,52,0,0,19,1,25
7,3,112,5,0,57,22,1,66,0,1,12,6,30
8,39,11,0,0,5,50,12,77,10,0,71,3,20
7,62,25,0,0,7,63,15,103,16,0,115,2,22
7,135,21,0,0,5,64,14,79,58,1,110,3,62
9,38,18,0,1,1,45,3,22,26,1,51,0,6
7,34,18,1,0,19,29,4,116,9,0,33,36,8
5,14,32,3,0,55,34,4,472,4,0,14,92,18
10,128,18,1,1,5,110,19,57,128,0,249,1,30
7,22,155,1,0,97,21,2,114,6,0,30,7,42
7,35,13,0,1,4,43,13,59,22,0,77,5,15
9,66,7,0,1,1,46,8,14,72,0,74,1,10
8,27,21,1,1,2,35,13,25,8,0,36,0,10
9,76,29,1,0,5,98,16,69,60,0,141,2,34
6,4,10,1,0,7,2,0,194,0,0,3,19,5
9,52,5,0,1,3,49,5,23,43,0,86,0,17
4,254,1711,98,16,1342,392,964,5227,132,7,543,1425,423
5,2,13,2,0,11,7,3,83,1,0,4,48,9
5,138,13,7,2,4,124,18,35,59,0,145,6,22
1,3,2,25,215,0,1,0,24,6,2333,9,52,0
8,41,15,2,0,7,58,6,74,12,0,82,4,23
2,2,2,0,1499,0,1,0,23,18,1296,49,2,37
8,21,5,0,0,9,14,7,41,4,0,39,6,13
5,6,113,15,0,409,3,1,52,2,0,5,18,6
7,82,73,2,0,28,80,24,305,44,0,170,43,45
6,105,6,1,3,0,37,23,5,155,0,103,0,2
5,91,5,0,2,1,49,7,13,90,0,85,0,17
7,81,634,14,1,388,162,74,922,31,0,293,83,225
8,65,19,0,2,5,72,15,29,32,0,110,0,28
5,1,89,1,0,180,0,0,30,0,0,0,2,10
7,15,58,2,0,69,31,8,154,5,0,64,22,18
7,13,88,1,0,27,23,18,136,2,0,75,6,55
7,25,30,2,0,12,32,6,126,6,0,39,35,35
7,21,0,0,0,0,6,3,6,19,0,19,0,3
5,0,15,5,0,50,5,0,162,0,0,2,63,5
7,103,6,0,1,0,86,9,16,161,0,101,0,12
8,56,21,0,1,4,84,10,31,43,0,69,2,14
6,2,17,5,0,29,1,0,97,1,0,2,22,9
5,1,60,8,0,276,2,8,77,0,0,1,1,11
9,104,55,0,0,10,100,22,108,43,0,144,4,31
7,49,22,0,0,6,35,8,59,5,0,88,3,14
5,11,7,3,0,12,12,6,111,5,0,15,11,7
3,2,0,0,495,0,1,4,13,27,397,5,0,31
9,48,20,0,0,3,61,5,29,31,0,34,1,17
7,245,6,0,2,5,129,20,23,125,0,211,0,7
3,245,12,2,7118,1,91,1532,445,551,2552,387,36,97
3,56,0,1,435,3,18,8,72,67,812,41,18,51
6,2,14,2,0,31,8,1,109,0,0,1,12,9
9,75,13,2,0,5,62,14,46,56,0,106,2,17
4,5,274,10,0,1142,1,0,142,1,0,0,23,21
6,6,46,2,0,139,2,2,91,2,0,12,7,16
9,222,53,3,2,12,236,31,108,171,0,438,5,75
9,101,17,0,3,4,61,12,14,68,0,121,1,36
6,79,231,19,4,120,126,313,1501,38,1,331,445,167
5,0,24,0,0,80,1,0,10,0,0,0,2,0
7,10,117,2,0,29,7,1,38,1,0,14,4,20
9,51,16,0,2,3,28,5,86,44,0,64,7,7
9,977,1414,17,10,401,1520,305,2395,605,0,3107,217,901
6,1,58,0,0,61,0,0,59,0,0,0,29,7
7,5,8,0,0,5,10,2,126,0,0,13,16,5
7,50,11,1,0,1,33,8,16,105,0,90,0,5
3,0,14,0,0,232,0,0,10,0,0,0,3,2
8,60,19,0,3,1,38,7,32,21,0,81,0,25
9,64,45,2,0,10,41,38,75,52,0,108,3,28
6,26,13,2,0,8,21,12,115,9,0,50,37,10
8,103,7,0,2,0,81,13,9,120,0,100,0,17
7,11,20,4,1,17,17,0,55,1,0,7,6,6
6,35,105,4,0,58,67,23,483,16,0,101,68,61
5,1,49,3,0,41,4,0,156,0,1,2,30,7
7,0,4,0,0,2,11,2,129,1,0,8,24,11
9,99,24,3,1,10,103,27,77,60,0,170,1,36
8,83,13,0,1,2,63,9,23,37,0,94,1,5
8,105,23,0,3,2,61,12,88,102,0,127,3,20
7,18,10,0,0,1,17,6,7,14,0,27,2,11
3,7,1,0,418,0,6,0,38,65,254,18,1,2
5,1,169,4,0,282,0,1,39,1,0,0,2,3
2,3,0,0,8,0,0,0,1,3,32,0,0,0
7,22,20,0,1,2,21,2,54,14,0,36,5,6
3,57,3,0,8310,2,17,0,96,519,3246,132,74,5
2,15,0,0,168,0,3,0,39,87,135,3,0,1
9,72,46,0,1,22,91,42,137,42,0,173,5,60
9,112,30,0,3,6,94,28,59,86,0,134,9,60
6,5,19,1,0,31,19,4,143,1,0,17,10,11
9,86,23,0,0,5,70,19,82,45,0,146,2,38
7,5,17,4,0,3,7,0,50,3,0,20,13,13
8,36,37,0,0,6,44,10,74,18,0,85,4,33
7,27,34,0,0,16,94,9,125,18,0,90,11,20
8,30,12,0,0,4,17,5,32,18,0,33,0,10
5,2,352,11,0,1325,1,1,118,0,0,3,17,11
2,20,2,1,5853,3,48,4,77,157,5952,66,21,6
2,2,1,0,219,0,0,0,50,12,153,6,1,0
7,21,45,1,1,24,12,2,104,20,0,35,38,28
1,0,0,0,0,0,2,0,12,0,42,0,0,0
1,1,0,0,8,0,0,0,159,4,69,0,2,0
7,8,74,1,0,53,14,5,212,1,0,15,46,29
8,74,52,2,2,14,99,23,124,36,0,191,3,53
8,38780,9575,2005,5118,4506,28301,9611,44572,36739,1264,58019,9523,10942
7,56,11,0,0,3,30,7,20,12,0,64,1,20
9,666,485,8,3,152,893,193,1546,430,1,2148,139,469
1,11,1,0,538,0,3,0,88,43,3632,17,3,0
7,0,44,1,0,18,7,0,129,0,0,4,20,10
5,34,5,0,1,1,29,12,26,41,0,48,2,9
6,72,5,0,0,4,53,8,10,32,0,71,2,7
4,1,30,3,0,88,0,1,22,0,0,2,1,5
7,17,94,6,0,114,21,9,80,3,1,18,7,20
5,0,17,2,0,77,3,1,87,0,0,0,13,3
4,223,759,1538,15,998,638,1162,8521,112,11,1109,3641,698
7,12,32,1,0,12,21,2,163,4,0,25,15,13
1,0,7,652,0,33,1,0,51,2,0,2,133,0
9,63,22,0,1,4,96,14,56,25,0,142,0,18
10,169,11,1,3,7,136,23,55,155,0,288,2,36
5,60,3,1,4175,2,15,2,85,367,3528,364,4,50
5,244,759,38,7,431,636,676,6112,142,4,1038,1231,727
4,14,174,1,0,73,20,1,44,6,0,25,2,36
7,12,183,4,0,120,15,1,206,6,0,15,38,28
4,0,4,7,0,12,0,0,106,1,0,1,85,7
5,33,590,12,1,374,27,29,326,7,0,34,22,80
8,13,117,1,0,72,21,1,114,3,0,23,7,22
7,46,22,0,0,4,25,12,37,11,0,61,0,15
5,1,33,5,1,70,11,0,178,1,0,5,104,3
7,30,41,5,0,20,62,3,158,14,0,54,14,24
9,25,28,2,0,5,28,6,45,2,0,34,0,15
3,18,3,0,277,1,10,6,286,82,706,82,6,16
3,29,2,0,1876,3,2,8,87,89,1542,23,21,20
5,1,43,2,0,137,1,0,60,2,0,1,9,1
7,66,10,0,6,0,8,7,9,38,0,38,0,7
7,39,8,5,2,3,17,4,57,25,0,25,19,15
7,9,157,5,0,107,19,0,71,2,0,13,22,26
5,62,7,0,1,4,37,4,26,68,0,43,0,15
2,115,518,1943,63,2168,246,792,4141,77,37,371,2322,244
8,81,28,2,1,4,77,14,57,52,0,131,1,38
6,43,5,1,1,3,5,6,11,39,0,27,0,3
7,21,40,2,0,46,23,2,255,9,0,36,35,19
8,43,8,0,0,5,80,0,14,22,0,44,0,12
10,103,14,1,3,9,134,22,43,77,0,181,1,19
7,15,18,1,0,13,20,2,142,7,0,29,16,12
7,162,7,1,7,0,58,12,16,114,16,128,0,8
5,168,8,0,1,0,59,7,11,47,0,82,1,10
7,31,41,7,1,22,59,14,198,12,0,72,20,54
7,32,345,6,0,209,35,19,269,15,0,75,21,71
9,18,4,1,0,2,26,1,17,23,0,34,1,3
7,40,3,0,0,4,17,3,7,25,1,26,0,4
8,453,677,14,15,131,350,204,1203,342,0,792,65,367
9,196,72,2,1,12,235,24,131,138,0,537,12,82
8,12,10,0,0,2,23,4,45,9,0,43,0,17
9,284,227,1,1,37,308,105,485,156,3,1018,35,243
7,10,18,0,0,16,15,2,119,2,0,5,9,16
9,62,30,0,0,6,83,27,46,60,0,188,0,46
8,47,8,0,0,2,23,4,8,34,0,58,0,3
9,113,15,1,1,4,111,30,84,88,0,161,5,25
1,1,0,0,63,0,1,1,8,3,951,1,0,1
2,20,2,1,9635,1,8,3,172,312,1645,78,13,15
5,2,1,0,167,0,0,2,12,36,132,2,21,0
6,76,4,0,3,1,26,9,13,35,0,61,0,3
7,72,7,0,3,0,37,8,24,20,0,86,0,15
5,1,10,6,0,44,6,0,110,0,0,2,76,3
2,2,0,0,295,0,0,0,17,21,526,1,22,2
7,6,5,1,0,14,17,2,50,13,0,15,6,10
7,12,22,0,1,11,8,7,80,1,0,15,5,20
3,8,0,0,100,0,6,0,75,10,171,9,18,0
9,127,6,0,1,2,54,9,12,110,0,96,0,7
6,15,35,3,1,12,12,9,190,10,0,16,51,16
5,5,307,194,0,874,13,0,172,3,0,8,118,23
8,65,23,0,4,4,60,20,61,54,0,134,1,27
6,9,12,0,0,1,9,50,13,1,0,12,0,5
8,59,12,0,1,2,73,8,21,147,0,115,1,23
8,24,26,0,1,5,68,7,44,19,0,87,4,20
7,17,38,2,0,32,17,3,377,4,0,42,61,21
3,65,0,0,3356,1,12,1,305,181,1504,42,3,87
6,4,14,2,0,8,6,0,42,1,0,3,2,11
6,3,24,6,0,17,18,8,292,6,0,22,52,18
4,326,13,0,1,4,123,31,34,98,0,247,1,20
7,30,5,0,1,2,16,11,13,17,0,32,0,4
7,1060,1055,81,6,483,1964,470,5340,748,1,3605,606,1026
7,8,20,0,0,49,7,2,215,1,0,9,31,9
7,4,431,2,0,363,4,2,203,0,0,6,18,19
7,92,7,0,0,1,40,8,6,167,0,101,0,8
5,78,5,1,52,0,146,622,501,40,6,317,195,151
7,36,27,4,0,20,57,14,140,17,0,93,9,21
6,4,25,0,0,5,23,1,114,0,0,11,10,6
7,39,56,2,0,21,24,4,273,10,0,59,24,47
3,71,26,2,478,1,146,1777,1945,257,10,337,364,76
9,44,9,0,0,0,34,9,22,26,0,72,0,12
7,19,41,0,0,20,40,6,270,10,0,51,39,31
8,41,14,0,0,2,38,10,35,71,0,135,0,34
8,17,31,0,0,19,27,6,88,9,0,42,4,22
7,21,26,0,0,17,17,6,256,7,0,27,25,22
6,971,1744,143,7,1065,2021,863,9165,501,5,3833,2472,1415
2,62,64,44,2,127,67,23,319,21,0,131,738,50
7,72,13,0,0,4,45,10,46,81,0,92,0,22
4,110,495,315,9,343,217,287,1890,57,56,167,552,182
9,28,9,1,0,6,15,8,62,5,0,40,1,12
2,0,4,273,0,19,0,0,5,0,0,1,9,0
7,113,57,1,1,47,195,26,179,53,0,156,5,64
8,26,4,0,0,15,27,6,20,15,0,36,2,8
9,17,9,1,3,2,12,4,21,16,0,31,1,11
7,149,19,0,3,4,79,22,61,69,0,185,3,30
7,111,6,0,0,4,71,18,11,44,0,98,2,20
6,18,41,9,52,43,39,1,346,8,3,23,39,29
5,76,7,0,0,0,22,4,5,25,0,53,0,10
5,2,27,10,0,46,0,1,213,1,0,5,90,12
4,2,17,1,0,79,0,7,31,0,0,2,0,4
2,0,14,18,0,508,1,0,16,0,0,0,5,1
7,190,11,0,5,3,39,8,7,144,0,57,0,15
9,152,23,0,0,9,120,22,52,107,0,241,5,33
7,642,878,71,4,338,876,1274,4044,309,1,2243,488,911
5,6,133,5,0,82,2,0,36,2,0,12,3,26
3,3,13,3,0,49,2,2,98,0,0,1,95,2
3,184,4,0,1,2,42,10,12,61,0,104,0,11
9,174,23,1,3,6,86,27,31,138,0,258,0,24
5,6,19,3,0,19,3,2,155,2,0,6,45,16
7,4,6,0,0,6,11,2,85,2,0,11,10,9
2,28,0,0,178,1,14,2,274,75,968,29,5,293
5,1,13,13,0,28,3,0,197,0,0,2,88,6
6,10,38,3,0,31,41,2,365,5,0,28,71,22
4,9,0,0,981,0,2,1,43,95,726,17,2,0
8,1292,825,606,20,310,1305,346,1882,1059,1,3071,724,795
8,79,27,0,0,3,84,12,66,118,3,93,4,21
6,1,24,5,0,75,9,0,172,0,0,2,38,5
7,8,38,1,0,39,9,8,359,3,0,23,62,23
6,4,13,6,0,10,14,1,107,0,0,8,22,2
5,4,24,2,0,82,0,0,206,0,0,4,103,1
5,1,10,5,0,18,4,1,143,3,0,10,31,2
